{"cameraMode":{"drawMode":0,"name":"Shaded","section":"Shading Mode"},"sceneLighting":true,"audioPlay":false,"sceneViewState":{"m_AlwaysRefresh":false,"showFog":true,"showSkybox":true,"showFlares":true,"showImageEffects":true,"showParticleSystems":true,"showVisualEffectGraphs":true,"m_FxEnabled":true},"in2DMode":false,"pivot":{"x":16.41452407836914,"y":1.4042870998382569,"z":-0.5160455703735352},"rotation":{"x":0.07072179764509201,"y":-0.028430260717868806,"z":0.0020159713458269836,"w":0.9970897436141968},"size":11.36544132232666,"orthographic":false}