{"cameraMode":{"drawMode":0,"name":"Shaded","section":"Shading Mode"},"sceneLighting":true,"audioPlay":false,"sceneViewState":{"m_AlwaysRefresh":false,"showFog":true,"showSkybox":true,"showFlares":true,"showImageEffects":true,"showParticleSystems":true,"showVisualEffectGraphs":true,"m_FxEnabled":true},"in2DMode":false,"pivot":{"x":12.594622611999512,"y":7.25695276260376,"z":-0.2532850205898285},"rotation":{"x":0.12592826783657075,"y":0.026776058599352838,"z":-0.0034007099457085134,"w":0.9916731715202332},"size":24.490602493286134,"orthographic":false}