{"cameraMode":{"drawMode":0,"name":"Shaded","section":"Shading Mode"},"sceneLighting":true,"audioPlay":false,"sceneViewState":{"m_AlwaysRefresh":false,"showFog":true,"showSkybox":true,"showFlares":true,"showImageEffects":true,"showParticleSystems":true,"showVisualEffectGraphs":true,"m_FxEnabled":true},"in2DMode":false,"pivot":{"x":-0.183200404047966,"y":0.4794939160346985,"z":0.1281205415725708},"rotation":{"x":-0.12299352884292603,"y":0.00803618598729372,"z":-0.0009960562456399203,"w":-0.9923754930496216},"size":7.677123546600342,"orthographic":false}