{"cameraMode":{"drawMode":0,"name":"Shaded","section":"Shading Mode"},"sceneLighting":false,"audioPlay":false,"sceneViewState":{"m_AlwaysRefresh":false,"showFog":true,"showSkybox":false,"showFlares":true,"showImageEffects":true,"showParticleSystems":true,"showVisualEffectGraphs":true,"m_FxEnabled":true},"in2DMode":false,"pivot":{"x":16.756216049194337,"y":0.9596685767173767,"z":-8.940696716308594e-8},"rotation":{"x":0.000749076483771205,"y":-0.9990913271903992,"z":0.01979420892894268,"w":0.03777417913079262},"size":1.6214098930358887,"orthographic":false}